series,year,month,gross_amt
17,2017,1,200905.93999999994
18,2017,2,149329.96999999994
19,2017,3,193447.81
20,2017,4,96464.87999999996
21,2017,5,166548.19999999992
22,2017,6,185400.12999999992
23,2017,7,210736.14999999988
24,2017,8,24266.00000000001
25,2017,9,164206.06
26,2017,10,154564.36
27,2017,11,194798.41999999998
28,2017,12,86.33
