series,year,month,gross_amt
1,2015,9,778.96
2,2015,10,161162.8
3,2015,11,272439.19999999995
4,2015,12,127329.70999999995
5,2016,1,199741.34999999992
6,2016,2,177396.83999999994
7,2016,3,164751.58999999997
8,2016,4,164430.31999999998
9,2016,5,179403.02000000002
10,2016,6,205421.51999999993
11,2016,7,241097.53999999995
12,2016,8,31686.789999999994
13,2016,9,219344.57999999996
14,2016,10,160944.9699999999
15,2016,11,206178.73999999993
16,2016,12,118569.14999999997
